leaf_id,description
T01,Sample 01 description
T02,Sample 02 description
T03,Sample 03 description
T04,Sample 04 description
T05,Sample 05 description
T06,Sample 06 description
T07,Sample 07 description
T08,Sample 08 description
T09,Sample 09 description
T10,Sample 10 description
T11,Sample 11 description
T12,Sample 12 description
T13,Sample 13 description
T14,Sample 14 description
T15,Sample 15 description
T16,Sample 16 description
T17,Sample 17 description
T18,Sample 18 description
T19,Sample 19 description
T20,Sample 20 description
T21,Sample 21 description
T22,Sample 22 description
T23,Sample 23 description
T24,Sample 24 description
T25,Sample 25 description
T26,Sample 26 description
T27,Sample 27 description
T28,Sample 28 description
T29,Sample 29 description
T30,Sample 30 description
T31,Sample 31 description
T32,Sample 32 description
T33,Sample 33 description
